{
    "parameters": {
        "spectra_bins": 32,
        "out_dims": [
            50,
            50,
            50
        ],
        "d_model": 128,
        "out_spectra_bins": 32,
        "normalization_type": "linear0_1",
        "use_spectra": true,
        "training_seed": 4280859950
    },
    "model_name": "Beam2ScatterUNet",
    "metrics": {
        "val_loss": 0.00469292001798749,
        "test_scatter_spectrum_loss": 0.006420454941689968,
        "test_scatter_fluence_loss": 0.0030178739689290524,
        "test_loss": 0.004719163756817579,
        "test_global_airkerma_accuracy": 0.6542431712150574,
        "test_top90_airkerma_accuracy": 0.8843385577201843,
        "test_airkerma_ssim": 0.8219010233879089,
        "test_airkerma_ssim_gradient": 0.8954721093177795,
        "test_airkerma_onsphere_accuracy_radius25cm": 0.7599000930786133,
        "test_airkerma_accuracy_scatter": 0.6155487298965454,
        "test_spectrum_accuracy": 0.8439397811889648,
        "test_top95_energy_weighted_airkerma_accuracy": 0.631670355796814,
        "test_global_airkerma_gamma_index_3percent_per_4cm": 0.6653232574462891,
        "test_global_airkerma_gamma_index_10percent_per_4cm": 0.9755718111991882,
        "test_global_airkerma_gamma_index_10percent_per_6cm": 0.9857094883918762,
        "test_global_airkerma_gamma_index_3percent_per_6cm": 0.7244336605072021
    }
}